<?xml version="1.0" encoding="UTF-8"?>
<project-private xmlns="http://www.netbeans.org/ns/project-private/1">
    <editor-bookmarks xmlns="http://www.netbeans.org/ns/editor-bookmarks/2" lastBookmarkId="0"/>
    <open-files xmlns="http://www.netbeans.org/ns/projectui-open-files/2">
        <group>
            <file>file:/C:/Users/Universidad/Documents/Digital2/Lab2/Lab_2.X/Adc_int_.c</file>
            <file>file:/C:/Users/Universidad/Documents/Digital2/Lab2/Lab_2.X/7_Segments.c</file>
            <file>file:/C:/Users/Universidad/Documents/Digital2/Lab2/Lab_2.X/main.c</file>
            <file>file:/C:/Users/Universidad/Documents/Digital2/Lab2/Lab_2.X/7_Segments.h</file>
            <file>file:/C:/Users/Universidad/Documents/Digital2/Lab2/Lab_2.X/Adc_int_.h</file>
        </group>
    </open-files>
</project-private>
